filename	total_cover	av_row_cover	av_gaps	rows
test1.JPG	22.398597605857514	29.5247738675065	29.759036144578314	7
