filename	total_cover	av_row_cover	av_gaps	rows
test1.JPG	22.398597605857514	33.794416126042634	24.93975903614458	10
